--
-- PostgreSQL database dump
--

-- Dumped from database version 9.6.12
-- Dumped by pg_dump version 9.6.12

SET statement_timeout = 0;
SET lock_timeout = 0;
SET idle_in_transaction_session_timeout = 0;
SET client_encoding = 'UTF8';
SET standard_conforming_strings = on;
SELECT pg_catalog.set_config('search_path', '', false);
SET check_function_bodies = false;
SET client_min_messages = warning;
SET row_security = off;

--
-- Name: plpgsql; Type: EXTENSION; Schema: -; Owner: 
--

CREATE EXTENSION IF NOT EXISTS plpgsql WITH SCHEMA pg_catalog;


--
-- Name: EXTENSION plpgsql; Type: COMMENT; Schema: -; Owner: 
--

COMMENT ON EXTENSION plpgsql IS 'PL/pgSQL procedural language';


SET default_tablespace = '';

SET default_with_oids = false;

--
-- Name: datarecording; Type: TABLE; Schema: public; Owner: memer
--

CREATE TABLE public.datarecording (
    experimentid integer NOT NULL,
    resourcepath character varying NOT NULL,
    resourcetype character varying NOT NULL
);


ALTER TABLE public.datarecording OWNER TO memer;

--
-- Name: experimentinfo; Type: TABLE; Schema: public; Owner: memer
--

CREATE TABLE public.experimentinfo (
    id integer NOT NULL,
    starttime timestamp without time zone DEFAULT now() NOT NULL,
    finishtime timestamp without time zone,
    comment character varying NOT NULL
);


ALTER TABLE public.experimentinfo OWNER TO memer;

--
-- Name: experimentinfo_id_seq; Type: SEQUENCE; Schema: public; Owner: memer
--

CREATE SEQUENCE public.experimentinfo_id_seq
    START WITH 1
    INCREMENT BY 1
    NO MINVALUE
    NO MAXVALUE
    CACHE 1;


ALTER TABLE public.experimentinfo_id_seq OWNER TO memer;

--
-- Name: experimentinfo_id_seq; Type: SEQUENCE OWNED BY; Schema: public; Owner: memer
--

ALTER SEQUENCE public.experimentinfo_id_seq OWNED BY public.experimentinfo.id;


--
-- Name: experimentparams; Type: TABLE; Schema: public; Owner: memer
--

CREATE TABLE public.experimentparams (
    experimentid integer NOT NULL,
    samplerate integer NOT NULL,
    segmentlength integer NOT NULL
);


ALTER TABLE public.experimentparams OWNER TO memer;

--
-- Name: experimentperformedby; Type: TABLE; Schema: public; Owner: memer
--

CREATE TABLE public.experimentperformedby (
    experimentid integer NOT NULL,
    experimentstaffid integer NOT NULL
);


ALTER TABLE public.experimentperformedby OWNER TO memer;

--
-- Name: experimentsubject; Type: TABLE; Schema: public; Owner: memer
--

CREATE TABLE public.experimentsubject (
    experimentid integer NOT NULL,
    meaid integer NOT NULL
);


ALTER TABLE public.experimentsubject OWNER TO memer;

--
-- Name: mea; Type: TABLE; Schema: public; Owner: memer
--

CREATE TABLE public.mea (
    id integer NOT NULL,
    meaname character varying NOT NULL,
    info character varying NOT NULL
);


ALTER TABLE public.mea OWNER TO memer;

--
-- Name: person; Type: TABLE; Schema: public; Owner: memer
--

CREATE TABLE public.person (
    id integer NOT NULL,
    personname character varying NOT NULL,
    email character varying,
    phoneno integer
);


ALTER TABLE public.person OWNER TO memer;

--
-- Name: experimentinfo id; Type: DEFAULT; Schema: public; Owner: memer
--

ALTER TABLE ONLY public.experimentinfo ALTER COLUMN id SET DEFAULT nextval('public.experimentinfo_id_seq'::regclass);


--
-- Data for Name: datarecording; Type: TABLE DATA; Schema: public; Owner: memer
--

COPY public.datarecording (experimentid, resourcepath, resourcetype) FROM stdin;
1	MEAdata/06.02.2018, 16:09:15	CSV
2	MEAdata/06.02.2018, 16:45:02	CSV
3	MEAdata/08.02.2018, 13:30:27	CSV
4	MEAdata/08.02.2018, 16:06:51	CSV
6	MEAdata/18.04.2018, 11:35:37	CSV
7	MEAdata/19.04.2018, 11:01:34	CSV
8	MEAdata/19.04.2018, 11:06:58	CSV
9	MEAdata/19.04.2018, 11:19:55	CSV
10	MEAdata/19.04.2018, 11:22:31	CSV
11	MEAdata/19.04.2018, 16:28:02	CSV
12	/home/peteraa/datateknikk/SHODAN/./MEAdata/15.02.2019, 12:37:31	CSV
13	/home/peteraa/datateknikk/SHODAN/./MEAdata/15.02.2019, 12:47:56	CSV
14	/home/peteraa/datateknikk/SHODAN/./MEAdata/15.02.2019, 13:03:17	CSV
\.


--
-- Data for Name: experimentinfo; Type: TABLE DATA; Schema: public; Owner: memer
--

COPY public.experimentinfo (id, starttime, finishtime, comment) FROM stdin;
1	2018-02-06 16:09:17.754587	2018-02-06 16:09:37.829237	
2	2018-02-06 16:45:04.219693	2018-02-06 16:45:23.593605	
3	2018-02-08 13:30:28.974363	2018-02-08 13:31:04.077369	
4	2018-02-08 16:06:52.68117	2018-02-08 16:07:21.945527	
6	2018-04-18 11:35:38.430385	2018-04-18 11:35:46.154486	
7	2018-04-19 11:01:35.380106	2018-04-19 11:02:38.885812	
8	2018-04-19 11:06:59.425068	\N	
9	2018-04-19 11:19:55.765972	2018-04-19 11:21:32.021918	
10	2018-04-19 11:22:32.520111	2018-04-19 11:29:02.001295	
11	2018-04-19 16:28:02.765129	2018-04-19 16:28:09.656615	
12	2019-02-15 12:37:31.388456	2019-02-15 12:37:57.670517	Just a test
13	2019-02-15 12:47:56.314898	2019-02-15 12:48:43.521255	Just a test
14	2019-02-15 13:03:17.294924	2019-02-15 13:03:49.178307	Just a test
\.


--
-- Name: experimentinfo_id_seq; Type: SEQUENCE SET; Schema: public; Owner: memer
--

SELECT pg_catalog.setval('public.experimentinfo_id_seq', 14, true);


--
-- Data for Name: experimentparams; Type: TABLE DATA; Schema: public; Owner: memer
--

COPY public.experimentparams (experimentid, samplerate, segmentlength) FROM stdin;
1	20000	2000
2	20000	2000
3	20000	2000
4	20000	2000
6	20000	2000
7	20000	2000
8	20000	2000
9	20000	2000
10	20000	2000
11	20000	2000
12	20000	2000
13	20000	2000
14	10000	1000
\.


--
-- Data for Name: experimentperformedby; Type: TABLE DATA; Schema: public; Owner: memer
--

COPY public.experimentperformedby (experimentid, experimentstaffid) FROM stdin;
\.


--
-- Data for Name: experimentsubject; Type: TABLE DATA; Schema: public; Owner: memer
--

COPY public.experimentsubject (experimentid, meaid) FROM stdin;
\.


--
-- Data for Name: mea; Type: TABLE DATA; Schema: public; Owner: memer
--

COPY public.mea (id, meaname, info) FROM stdin;
\.


--
-- Data for Name: person; Type: TABLE DATA; Schema: public; Owner: memer
--

COPY public.person (id, personname, email, phoneno) FROM stdin;
\.


--
-- Name: experimentinfo experimentinfo_pkey; Type: CONSTRAINT; Schema: public; Owner: memer
--

ALTER TABLE ONLY public.experimentinfo
    ADD CONSTRAINT experimentinfo_pkey PRIMARY KEY (id);


--
-- Name: mea mea_pkey; Type: CONSTRAINT; Schema: public; Owner: memer
--

ALTER TABLE ONLY public.mea
    ADD CONSTRAINT mea_pkey PRIMARY KEY (id);


--
-- Name: person person_pkey; Type: CONSTRAINT; Schema: public; Owner: memer
--

ALTER TABLE ONLY public.person
    ADD CONSTRAINT person_pkey PRIMARY KEY (id);


--
-- Name: datarecording experimentinforecording_fkey; Type: FK CONSTRAINT; Schema: public; Owner: memer
--

ALTER TABLE ONLY public.datarecording
    ADD CONSTRAINT experimentinforecording_fkey FOREIGN KEY (experimentid) REFERENCES public.experimentinfo(id);


--
-- Name: experimentperformedby experimentinfostaff_fk; Type: FK CONSTRAINT; Schema: public; Owner: memer
--

ALTER TABLE ONLY public.experimentperformedby
    ADD CONSTRAINT experimentinfostaff_fk FOREIGN KEY (experimentid) REFERENCES public.experimentinfo(id);


--
-- Name: experimentsubject experimentinfosubject_fk; Type: FK CONSTRAINT; Schema: public; Owner: memer
--

ALTER TABLE ONLY public.experimentsubject
    ADD CONSTRAINT experimentinfosubject_fk FOREIGN KEY (experimentid) REFERENCES public.experimentinfo(id);


--
-- Name: experimentperformedby experimentstaff_fk; Type: FK CONSTRAINT; Schema: public; Owner: memer
--

ALTER TABLE ONLY public.experimentperformedby
    ADD CONSTRAINT experimentstaff_fk FOREIGN KEY (experimentstaffid) REFERENCES public.person(id);


--
-- Name: experimentsubject mea_fk; Type: FK CONSTRAINT; Schema: public; Owner: memer
--

ALTER TABLE ONLY public.experimentsubject
    ADD CONSTRAINT mea_fk FOREIGN KEY (meaid) REFERENCES public.mea(id);


--
-- PostgreSQL database dump complete
--